id,first_name,last_name,email,gender,ip_address
1,Hollie,Kepe,hkepe0@thetimes.co.uk,Female,218.240.189.149
2,Parker,Thaine,pthaine1@dot.gov,Male,230.113.242.156
3,Jeff,Schankelborg,jschankelborg2@bloomberg.com,Genderfluid,
,,,bashfull3@fda.gov,Male,154.64.146.242
5,Roosevelt,Spadoni,rspadoni4@hc360.com,Male,107.17.217.169
6,Berny,Hawse,bhawse5@dion.ne.jp,,230.137.66.110
7,Starla,Eisikovitsh,seisikovitsh6@omniture.com,Female,143.83.24.229
8,Nye,Hessle,nhessle7@marketwatch.com,,231.78.170.76
,,,sdoll8@china.com.cn,Male,
10,Juliann,McCloughlin,jmccloughlin9@cargocollective.com,Female,
11,Freddy,Tedorenko,ftedorenkoa@gravatar.com,Female,115.137.155.112
12,Morty,Dellenbach,mdellenbachb@wunderground.com,Male,166.167.220.186
13,Sinclare,Dreghorn,sdreghornc@accuweather.com,Male,190.219.61.103
14,Raphaela,Amerighi,ramerighid@shop-pro.jp,Female,29.128.210.201
15,Deane,Helm,,Male,141.81.124.154
16,Yale,Robrose,yrobrosef@homestead.com,Male,197.72.226.244
17,Concettina,Liquorish,,Female,6.244.226.58
18,Kristoffer,Marrion,kmarrionh@bing.com,Male,91.89.173.73
19,Gwen,Greenwood,ggreenwoodi@example.com,Female,127.91.149.19
,,,ighidettij@sphinn.com,Male,241.110.189.77
21,Harvey,Lightwing,,Male,29.45.132.161
22,Donal,Kincaid,dkincaidl@bandcamp.com,Male,
23,Ermin,Dalman,edalmanm@fema.gov,Male,84.3.140.4
24,Wang,Finch,wfinchn@businessweek.com,Male,82.138.39.185
25,Heall,Culpan,hculpano@cdc.gov,Male,197.68.64.37
26,Liva,Billam,lbillamp@geocities.jp,Female,254.247.245.106
27,Veronica,Ucchino,vucchinoq@omniture.com,Female,251.60.248.229
28,Linnell,Trood,ltroodr@dailymotion.com,Female,62.204.162.78
29,Harper,Tyers,htyerss@discovery.com,Male,159.1.51.182
30,Claudine,Goodge,cgoodget@cam.ac.uk,Female,83.238.234.12
31,Steward,Belison,sbelisonu@nymag.com,Male,83.53.118.133
32,Germayne,Hanney,ghanneyv@answers.com,Male,143.110.38.0
33,Yoko,Kolodziej,ykolodziejw@dropbox.com,Female,228.118.6.63
34,Marlie,Cussins,mcussinsx@time.com,Female,217.142.215.87
35,Nevin,Creasey,ncreaseyy@mozilla.org,Male,169.17.194.6
36,Phyllys,Aspel,paspelz@ucsd.edu,Female,218.25.74.174
37,Catherin,Lowry,clowry10@infoseek.co.jp,Female,
38,Randi,Camilli,rcamilli11@purevolume.com,Genderfluid,150.186.50.24
39,Thalia,Grahlmans,tgrahlmans12@admin.ch,Female,60.209.213.84
40,Garek,Thom,,Male,204.15.109.34
41,Kimbell,Keyme,kkeyme14@elpais.com,Male,78.242.155.26
42,Dolorita,Lark,dlark15@unicef.org,Genderqueer,242.235.128.45
43,Jethro,Benbow,jbenbow16@trellian.com,Agender,84.226.24.9
44,Chip,Davenall,cdavenall17@about.com,,140.150.155.72
45,Udall,Stacy,,Male,113.90.0.27
46,Woodrow,Lisciandri,wlisciandri19@yale.edu,Male,117.155.243.197
47,Alaric,Craigmile,acraigmile1a@so-net.ne.jp,Male,
48,Katusha,Dunsleve,kdunsleve1b@ft.com,Polygender,116.214.106.158
49,Henrie,Buret,hburet1c@comsenz.com,Female,233.98.94.83
50,Huntington,Chance,hchance1d@google.com.au,Male,28.163.53.86
51,Tobit,Simmons,tsimmons1e@creativecommons.org,Male,72.42.182.243
52,Alford,Vowells,avowells1f@google.com,Male,195.185.62.185
53,Laurens,Chrishop,,Male,69.31.230.60
54,Lind,Dumbleton,ldumbleton1h@example.com,Male,87.191.247.42
55,Filmore,Mac Geaney,,Male,12.79.26.53
56,Gerri,Devenport,gdevenport1j@dedecms.com,Female,108.116.77.250
57,Cherrita,Bottini,cbottini1k@businessweek.com,Female,61.85.172.54
58,Thaxter,Barg,tbarg1l@yahoo.com,Male,245.88.227.243
59,Consuela,Beckhouse,cbeckhouse1m@slashdot.org,Female,176.123.93.230
60,Lane,Fayre,,Polygender,11.160.27.164
61,Tailor,Greedy,tgreedy1o@bigcartel.com,Male,
62,Reggie,Rafe,rrafe1p@shop-pro.jp,Female,3.35.117.44
63,Rinaldo,Driffe,rdriffe1q@cbslocal.com,Male,166.21.194.31
64,Pebrook,Bauldrey,pbauldrey1r@cpanel.net,Male,159.152.138.161
65,Mayor,McCobb,mmccobb1s@theguardian.com,Male,78.247.183.117
66,Frederick,Blythe,fblythe1t@psu.edu,,199.44.226.30
67,Ninetta,Knotte,nknotte1u@china.com.cn,Female,31.9.16.89
68,Lauryn,Polk,lpolk1v@jugem.jp,Female,60.114.123.60
69,Elna,Pesek,,Female,97.68.27.73
70,Edyth,Rickertsen,erickertsen1x@dot.gov,Genderfluid,175.126.162.151
,,,pcrowcroft1y@jimdo.com,Male,196.82.171.65
72,Tommi,Lusk,,Female,10.170.58.212
73,Levi,Lloyds,llloyds20@cornell.edu,Male,2.208.22.5
74,Sherm,Kilcoyne,skilcoyne21@360.cn,Male,195.59.165.103
75,Olympia,Treweek,otreweek22@clickbank.net,Female,200.114.156.50
76,Katerina,Sink,ksink23@ed.gov,Female,72.127.148.42
77,Liam,Abrashkin,,Male,92.226.203.199
78,Weylin,Colby,wcolby25@newyorker.com,Male,93.190.3.145
79,Nye,Witling,nwitling26@dailymotion.com,Male,31.182.163.180
80,Marion,Onslow,monslow27@goodreads.com,Genderfluid,105.156.68.214
81,Ernaline,Como,ecomo28@auda.org.au,Female,166.239.122.111
82,Vinnie,Leynham,vleynham29@privacy.gov.au,Male,39.201.84.239
83,Ted,Dennison,tdennison2a@surveymonkey.com,Non-binary,135.210.73.151
84,Emmalynne,Kenwood,ekenwood2b@bloglines.com,Genderfluid,
85,Duff,Border,dborder2c@hibu.com,,1.36.217.121
86,Truda,Pringell,tpringell2d@soundcloud.com,Female,68.44.67.200
87,Norby,Hartfleet,nhartfleet2e@ucla.edu,Male,
88,Melody,Branchflower,mbranchflower2f@ft.com,Female,172.252.248.79
89,Jada,Nye,jnye2g@latimes.com,Female,127.83.147.23
90,Marysa,Backen,,Female,41.181.155.33
91,Monique,Raithbie,mraithbie2i@un.org,Female,248.44.164.183
92,Xerxes,Cornejo,xcornejo2j@dyndns.org,Male,201.106.32.168
93,Cesar,Kenington,ckenington2k@ask.com,Male,54.129.40.67
94,Stanislas,Martijn,smartijn2l@army.mil,Male,133.193.35.241
95,Arlie,Pantridge,,,12.22.191.250
96,Fae,Antoni,fantoni2n@bandcamp.com,Female,95.217.156.146
97,Rowe,Bolletti,,Female,87.102.199.114
98,Sheila-kathryn,O'Sirin,,Female,157.119.203.133
,,,sbispham2q@networksolutions.com,Female,125.69.108.185
100,Jason,Luckes,,Male,198.157.130.222
101,Concordia,Kruszelnicki,ckruszelnicki2s@bandcamp.com,Polygender,6.20.84.226
102,Anabella,Dufaire,adufaire2t@nba.com,Agender,5.82.30.7
103,Adolph,Bukac,abukac2u@parallels.com,Male,83.247.135.229
,,,skilcoyne2v@newyorker.com,Male,219.122.158.17
105,Alexander,Sautter,asautter2w@elegantthemes.com,Male,223.65.146.173
106,Chas,Milliere,cmilliere2x@linkedin.com,,74.70.218.181
107,Page,Band,pband2y@yelp.com,Male,0.24.26.25
108,Mason,Knill,mknill2z@smh.com.au,Male,25.134.30.38
109,Dewie,Soppeth,dsoppeth30@japanpost.jp,Male,
110,Elvina,Cockram,ecockram31@blogs.com,Non-binary,245.145.136.70
111,Anica,Bradnick,,Female,37.6.139.70
112,Alta,Gunson,agunson33@drupal.org,Female,71.109.206.117
113,Marta,Towne,mtowne34@accuweather.com,Female,143.234.199.90
114,Shae,Frape,sfrape35@gravatar.com,Female,30.89.115.171
115,Leanna,Bond,,Female,181.219.254.19
116,Trixi,Frowde,tfrowde37@wikispaces.com,Female,142.87.104.239
117,Valentin,Elnaugh,velnaugh38@senate.gov,Male,250.131.211.50
118,Stanly,Wadman,swadman39@telegraph.co.uk,Male,246.143.93.0
119,Elissa,Warkup,,Female,110.173.89.55
120,Aurore,Creedland,,Female,215.205.210.206
121,Kaleena,Vokins,kvokins3c@washington.edu,Female,172.122.188.254
122,Melodie,Bergstrand,mbergstrand3d@acquirethisname.com,Female,180.98.97.132
123,Gayle,Lorkin,glorkin3e@unesco.org,,12.53.172.46
124,Jayme,Feldbaum,jfeldbaum3f@whitehouse.gov,Genderfluid,161.236.161.4
125,Gerta,Hailwood,ghailwood3g@moonfruit.com,Female,226.11.187.26
126,Aaren,Busse,abusse3h@nydailynews.com,Female,255.113.20.189
127,Peterus,Grinston,,Male,
128,Aldous,Donet,adonet3j@smh.com.au,Male,32.183.199.77
129,Suki,Lygoe,slygoe3k@ucsd.edu,Female,138.142.143.167
130,Xenia,Elphey,xelphey3l@princeton.edu,Female,232.151.87.161
131,Fabien,Wolfinger,fwolfinger3m@ebay.co.uk,Agender,236.86.208.70
132,Tremayne,Joslow,tjoslow3n@123-reg.co.uk,Male,
133,Rancell,Zohrer,rzohrer3o@home.pl,Male,124.191.158.166
134,Ulysses,Jillitt,ujillitt3p@scribd.com,Male,127.19.209.133
135,Osbourne,Knoble,oknoble3q@hao123.com,Male,
136,Ned,Jovis,njovis3r@wiley.com,Male,220.2.61.9
137,Vitoria,Eyam,veyam3s@craigslist.org,Female,58.161.51.173
138,Brinna,McKearnen,,Female,252.26.240.39
139,Roxane,Cockayme,rcockayme3u@trellian.com,Female,57.50.23.10
140,Spenser,Duley,sduley3v@geocities.jp,,56.3.55.246
141,Ezra,Blouet,eblouet3w@nps.gov,Male,84.32.50.71
142,Carolann,Prattin,,Female,
143,Annabella,Claque,aclaque3y@creativecommons.org,Female,157.110.33.193
144,Osborn,Calltone,ocalltone3z@gmpg.org,Male,115.85.214.162
145,Frazer,Grunbaum,,Male,91.166.147.109
146,Brynne,Booy,bbooy41@apache.org,Female,201.169.119.36
147,Emmy,Calderonello,ecalderonello42@tinyurl.com,Male,147.122.6.106
148,Rae,Stede,rstede43@seattletimes.com,Female,31.4.164.199
149,Augustine,Nightingale,,,88.81.241.183
150,Jamaal,Poppy,jpoppy45@dailymotion.com,Male,101.126.239.250
151,Edd,Manton,emanton46@state.gov,Male,106.70.177.109
152,Gabrielle,Knewstub,gknewstub47@cnet.com,Female,132.166.68.61
153,Carrie,Tales,ctales48@hao123.com,,203.76.240.249
154,Emmery,Gile,egile49@usa.gov,Male,37.115.245.83
155,Lynelle,Yann,lyann4a@japanpost.jp,Female,226.81.62.133
156,Maudie,Mawman,mmawman4b@nasa.gov,Female,241.100.245.139
157,Coleman,Reims,creims4c@mozilla.org,Male,128.109.2.167
158,Brenna,Raithby,braithby4d@topsy.com,Female,58.251.17.151
159,Aarika,Probetts,aprobetts4e@apache.org,Female,158.57.49.224
160,Ebeneser,Hainey`,,Genderfluid,152.186.240.95
161,Trescha,Cutteridge,tcutteridge4g@wikispaces.com,Female,180.133.56.195
162,Sigismondo,Melanaphy,smelanaphy4h@unicef.org,Male,162.137.133.50
163,Way,Dotson,wdotson4i@japanpost.jp,Male,146.33.36.242
164,Miguel,Worboys,mworboys4j@nba.com,Male,
165,Rolph,Loyns,rloyns4k@dropbox.com,Male,57.157.230.84
166,Stacy,Jackett,sjackett4l@mayoclinic.com,Female,32.30.205.176
167,Tuckie,Stobbe,tstobbe4m@cam.ac.uk,Male,149.22.150.222
168,Latrina,McSwan,,Female,155.195.81.33
169,Boigie,Chotty,bchotty4o@biglobe.ne.jp,Male,76.249.102.156
170,Jdavie,Beardshall,jbeardshall4p@bravesites.com,Male,45.126.123.54
171,Britta,Weakley,bweakley4q@sitemeter.com,Female,77.188.134.44
172,Mikkel,Merchant,mmerchant4r@tinyurl.com,,70.221.254.60
173,Adolphe,Blais,ablais4s@weather.com,Male,150.187.146.178
174,Bailey,Korba,bkorba4t@booking.com,Male,125.205.53.231
175,Doloritas,Corday,dcorday4u@joomla.org,Female,228.81.207.194
176,Abbey,Vampouille,avampouille4v@123-reg.co.uk,Agender,15.90.157.29
177,Reeba,Fasset,rfasset4w@bandcamp.com,Female,43.237.249.228
178,Armando,Bing,abing4x@pbs.org,Male,100.55.127.230
179,Dougy,Ghiroldi,dghiroldi4y@cisco.com,Male,47.217.173.186
180,Merci,Brea,mbrea4z@themeforest.net,Female,171.170.63.108
181,Alanson,Kellert,akellert50@webs.com,Bigender,157.149.56.72
182,Lief,Chatterton,lchatterton51@a8.net,Male,133.13.125.200
183,Katharina,Tirone,ktirone52@latimes.com,Female,3.15.83.41
184,Domenic,McKelvey,dmckelvey53@cafepress.com,Male,200.153.219.40
185,Hi,McCurrie,hmccurrie54@alibaba.com,Male,117.19.150.205
186,Dona,Gaylard,dgaylard55@shop-pro.jp,Female,132.220.244.86
187,Timmi,Hinrichsen,thinrichsen56@springer.com,Female,9.173.186.40
188,Urbano,Motton,umotton57@jimdo.com,Male,101.16.160.6
189,Viviana,Didsbury,vdidsbury58@sina.com.cn,Female,140.216.136.30
190,Camile,Simpole,csimpole59@woothemes.com,Genderqueer,219.105.128.28
191,North,Tebbit,ntebbit5a@nasa.gov,Agender,27.109.161.110
192,Antonin,Curry,acurry5b@gravatar.com,Male,173.169.93.172
193,Titos,Blowfelde,tblowfelde5c@usa.gov,Male,161.26.10.212
194,Aleda,Jaulme,,Female,147.12.119.126
195,Archibold,Huc,ahuc5e@blogtalkradio.com,Male,
196,Courtney,Aikin,caikin5f@google.nl,Male,68.23.178.73
197,Bryon,Raymont,braymont5g@house.gov,Genderqueer,250.55.195.177
198,Laetitia,Klimsch,lklimsch5h@archive.org,,32.250.121.197
199,Jean,Pohl,jpohl5i@earthlink.net,Female,242.7.38.147
200,Tuck,Rubinivitz,trubinivitz5j@blogspot.com,Male,8.180.132.37
201,Finlay,Satterley,fsatterley5k@networksolutions.com,Male,186.225.232.175
202,Eduino,Rosnau,erosnau5l@globo.com,Male,22.155.59.19
203,Curr,Swatten,,Agender,177.19.16.75
,,,gatyea5n@jigsy.com,Male,104.24.104.113
205,Sophie,Skerratt,sskerratt5o@sun.com,Female,194.111.217.98
206,Mahalia,Skipper,mskipper5p@pbs.org,Female,7.3.218.219
207,Manuel,Orsay,,Male,12.10.224.1
208,Carmelia,Zammitt,czammitt5r@ifeng.com,Female,48.114.40.144
209,Lockwood,Vain,lvain5s@nasa.gov,,229.133.112.115
210,Eugen,Conry,econry5t@amazon.co.jp,Male,70.88.128.10
211,Weston,Cubbinelli,wcubbinelli5u@miitbeian.gov.cn,Male,65.218.194.100
212,Vanna,Plaunch,vplaunch5v@netvibes.com,Female,161.99.208.204
213,Tucky,Lockhead,tlockhead5w@vinaora.com,Genderqueer,166.100.131.100
214,Ayn,Bowmaker,abowmaker5x@freewebs.com,Female,215.240.87.252
215,Danya,Ferriman,dferriman5y@webmd.com,Male,11.202.254.211
216,Carver,Bugby,cbugby5z@java.com,Male,191.18.97.121
217,Hermine,McIlrath,hmcilrath60@google.pl,Female,125.197.73.85
218,Othello,Willingale,owillingale61@storify.com,Male,246.123.246.109
219,Skip,Jakes,,Male,255.255.104.158
220,Gabrielle,Tinn,gtinn63@exblog.jp,Female,152.177.116.226
221,Prue,Sheppard,psheppard64@bigcartel.com,Female,124.89.54.188
222,Jenifer,Ord,jord65@tripod.com,Female,57.68.157.62
223,Jozef,Giacobo,jgiacobo66@youtube.com,Male,240.42.198.124
224,Morry,Westcarr,mwestcarr67@wikipedia.org,,195.155.42.121
225,Lewes,Sherbrook,,Male,183.212.41.171
226,Forrester,Flannigan,fflannigan69@globo.com,Agender,85.145.123.141
227,Klaus,Bisterfeld,kbisterfeld6a@wired.com,,33.25.244.1
228,Alvie,Briiginshaw,abriiginshaw6b@blogspot.com,Male,79.64.243.228
229,Ninnetta,Kilfoyle,nkilfoyle6c@dagondesign.com,Non-binary,229.234.90.206
230,Tomlin,Hall,thall6d@fc2.com,Male,56.143.228.130
231,Donny,Guilayn,dguilayn6e@redcross.org,Female,67.125.38.239
232,Giorgio,Rudram,grudram6f@flickr.com,Male,137.168.95.148
233,Merrilee,Zorzenoni,mzorzenoni6g@cdc.gov,Female,24.129.29.133
234,Ari,Doret,adoret6h@guardian.co.uk,Male,206.27.88.133
235,Papageno,Salvati,psalvati6i@tiny.cc,Male,16.252.121.75
236,Amandie,Timeby,,Female,204.92.125.0
,,,edurtnel6k@jimdo.com,,53.158.23.236
238,Nerita,Orbine,norbine6l@opera.com,Female,254.201.185.5
239,Shaylah,Elford,selford6m@bbb.org,Female,211.184.45.82
240,Alex,Harding,aharding6n@devhub.com,Male,58.75.0.115
241,Wilma,Cullin,wcullin6o@trellian.com,Female,65.53.66.182
242,Annissa,Sarrell,asarrell6p@va.gov,Female,236.129.210.214
243,Selene,Southon,ssouthon6q@mapy.cz,Female,88.96.145.205
244,Camila,Iron,ciron6r@blogs.com,Female,50.222.211.42
245,Dene,Sales,dsales6s@1und1.de,Male,207.137.159.164
246,Johnath,Pittaway,jpittaway6t@hao123.com,Female,17.183.66.41
247,Jeni,Turner,jturner6u@friendfeed.com,Female,239.67.197.241
248,Devina,Sambell,dsambell6v@freewebs.com,Female,58.86.137.143
249,Kerry,De Domenici,kdedomenici6w@chronoengine.com,,101.27.148.66
250,Sharleen,Tunmore,stunmore6x@cocolog-nifty.com,Female,15.191.39.104
251,Rudyard,Boxhall,rboxhall6y@mysql.com,Male,64.40.165.192
252,Kevina,Greste,kgreste6z@clickbank.net,Female,120.185.206.63
253,Emelda,Morgan,emorgan70@webeden.co.uk,Female,70.248.224.61
254,Emalee,Simecek,esimecek71@nationalgeographic.com,Female,107.205.116.160
255,Elizabet,Spellecy,espellecy72@bloomberg.com,Female,214.126.183.119
256,Jeanie,Mulliss,,Female,183.104.79.235
257,Roanna,Orht,rorht74@amazon.com,Female,150.155.215.155
258,Jeanna,Blampey,jblampey75@ihg.com,Female,115.188.63.139
259,Haley,Arnaudon,harnaudon76@artisteer.com,Female,158.247.87.132
260,Modesta,Ginnety,mginnety77@netvibes.com,Female,1.109.80.179
261,Andriana,Leonarde,aleonarde78@mail.ru,Female,
262,Gretta,Trillow,gtrillow79@comcast.net,Female,115.203.242.233
263,Forest,Senechault,fsenechault7a@last.fm,Male,189.245.220.34
264,Demetria,Jachimak,djachimak7b@goo.gl,Female,182.101.175.191
265,Debbie,Rivers,drivers7c@geocities.com,Female,204.5.94.96
266,Saidee,Moneti,smoneti7d@thetimes.co.uk,Female,21.206.87.133
267,Welsh,Minty,wminty7e@seattletimes.com,Male,
268,Giraldo,Romke,,Male,14.200.46.223
269,Loralyn,Brewin,,Female,115.217.251.67
270,Silas,Harriss,sharriss7h@ted.com,Male,243.169.17.73
271,Seward,McKelvie,smckelvie7i@free.fr,Male,214.69.182.236
272,Butch,Mandel,bmandel7j@liveinternet.ru,Male,49.249.221.238
273,Gabriele,Buret,gburet7k@artisteer.com,Genderqueer,231.92.54.31
274,Abbi,Rothert,arothert7l@icio.us,Female,190.206.28.41
275,Tanhya,McGinnell,tmcginnell7m@example.com,Female,4.86.122.183
276,Rafaelita,Scates,rscates7n@simplemachines.org,Female,
,,,,Male,157.1.24.238
278,Travers,Hegge,thegge7p@businessweek.com,Male,250.190.142.227
,,,fstarsmore7q@amazonaws.com,Male,54.174.195.138
280,Mignon,Arblaster,marblaster7r@goo.ne.jp,Polygender,215.0.26.0
281,Moses,Enric,menric7s@home.pl,Male,234.64.110.71
282,Jedd,Goadby,jgoadby7t@netscape.com,Male,226.14.211.84
283,Beverlie,Berceros,bberceros7u@imgur.com,Female,55.237.72.130
284,Philip,Bromwich,pbromwich7v@cbc.ca,Male,22.235.82.186
285,Aloisia,Manolov,amanolov7w@dyndns.org,Female,119.142.29.103
286,Francois,Wyre,fwyre7x@google.de,,249.9.67.89
287,Mickie,McIndrew,mmcindrew7y@webnode.com,Female,241.75.221.55
288,Agathe,Krebs,akrebs7z@salon.com,Female,254.129.137.76
289,Julieta,Degoy,,Female,148.52.225.195
290,Andre,Baybutt,abaybutt81@shop-pro.jp,Bigender,147.168.134.93
291,Mia,Croose,mcroose82@berkeley.edu,Female,101.225.59.239
292,Allin,Cannaway,acannaway83@cloudflare.com,Male,36.36.152.82
293,Neale,Mallett,nmallett84@ow.ly,Male,159.212.46.189
294,Alejandro,Henricsson,ahenricsson85@walmart.com,Male,
295,Gilbertina,Paull,gpaull86@go.com,Female,97.180.200.98
296,Amandi,Blanko,ablanko87@dedecms.com,Female,222.109.200.169
297,Emera,Manklow,emanklow88@google.nl,Female,158.14.71.31
298,Yurik,Fairley,yfairley89@mtv.com,Male,222.184.139.30
299,Lilla,Abrashkov,labrashkov8a@smugmug.com,Female,226.49.175.254
300,Leesa,Rodnight,lrodnight8b@google.es,Female,82.159.140.9
301,Eleanora,Uzelli,euzelli8c@moonfruit.com,Female,38.114.69.85
302,Ilysa,Holston,iholston8d@ameblo.jp,Genderfluid,42.19.168.210
303,Marion,Ivain,mivain8e@pcworld.com,Male,167.169.248.11
304,Bethina,McDool,bmcdool8f@php.net,Female,167.97.48.93
305,Nissie,Meffan,nmeffan8g@bbc.co.uk,Female,7.15.231.60
306,Hollie,Barus,hbarus8h@vinaora.com,Female,143.235.109.51
307,Konrad,Muff,kmuff8i@slideshare.net,Male,39.74.96.51
308,Luci,Bradock,lbradock8j@goo.ne.jp,Female,49.130.77.32
309,Aryn,Mitchener,amitchener8k@webnode.com,Female,0.69.209.43
310,Layney,Lowater,llowater8l@census.gov,Female,62.235.42.123
311,Van,Reder,vreder8m@unesco.org,Genderfluid,10.133.101.133
312,Woody,Elix,welix8n@booking.com,Male,246.102.208.53
313,Keelby,Van den Broek,kvandenbroek8o@addtoany.com,Male,148.182.106.89
314,Bernita,Pieper,bpieper8p@cafepress.com,Female,26.100.234.241
315,Morna,True,mtrue8q@privacy.gov.au,Female,36.108.11.124
316,Allen,Meardon,ameardon8r@amazon.com,Male,195.89.200.122
317,Gallard,Ferriman,gferriman8s@xing.com,Male,46.196.168.84
318,Timothy,Risby,,Male,47.234.92.206
319,Vivyan,Gotthard,vgotthard8u@virginia.edu,Female,218.140.213.6
320,Korey,Alpes,kalpes8v@mayoclinic.com,Male,79.186.61.27
321,Marrilee,Stimpson,mstimpson8w@jiathis.com,Female,75.240.74.46
322,Morty,Olivari,molivari8x@gizmodo.com,Male,190.45.36.5
323,Emmy,Farryn,efarryn8y@biglobe.ne.jp,Male,199.217.14.235
324,Bambie,Roswarne,broswarne8z@shop-pro.jp,Female,96.118.226.101
325,Sheffy,Farrant,sfarrant90@opera.com,Male,194.140.137.86
326,Joceline,Buckthorp,jbuckthorp91@spotify.com,Female,55.54.198.84
327,Hank,Sertin,hsertin92@va.gov,Male,
328,Elnora,Wear,ewear93@craigslist.org,Female,214.190.45.46
329,Carley,Bernardin,cbernardin94@yelp.com,Female,63.84.48.232
330,Berton,Frisby,bfrisby95@mashable.com,Male,118.192.31.48
331,Sherry,Blankenship,sblankenship96@xrea.com,Female,169.50.39.53
332,Rorie,Hatt,rhatt97@parallels.com,Female,194.170.38.147
333,Ford,Ravilious,fravilious98@nsw.gov.au,Male,238.234.45.251
334,Remington,Benzing,rbenzing99@columbia.edu,Male,201.218.205.151
335,Olimpia,Scouller,oscouller9a@wordpress.com,,117.98.0.222
336,Bette-ann,Longhorn,blonghorn9b@state.gov,Female,157.31.253.183
337,Brigit,Dawltrey,bdawltrey9c@ustream.tv,Female,7.54.142.194
338,Joseito,McMurty,jmcmurty9d@themeforest.net,Male,246.153.70.196
339,Bail,Elden,belden9e@reddit.com,Male,13.126.1.96
,,,shungerford9f@so-net.ne.jp,Agender,39.80.252.18
341,Ashla,Goldston,agoldston9g@sogou.com,Female,54.102.15.2
342,Mehetabel,Snalham,,Female,50.223.96.88
343,Kimbell,Remon,kremon9i@paypal.com,Male,249.251.61.185
344,Vernice,Suttaby,vsuttaby9j@canalblog.com,Genderfluid,71.161.230.155
345,Dougie,Dyott,ddyott9k@ning.com,,135.244.228.237
346,Jeth,Biss,jbiss9l@google.de,Male,82.3.243.152
347,Elias,Naismith,enaismith9m@archive.org,Male,192.106.112.102
348,Trula,Scinelli,tscinelli9n@who.int,Female,13.55.163.136
349,Normy,Pellamont,npellamont9o@columbia.edu,Male,148.50.92.124
350,Chrissie,Wallach,cwallach9p@usnews.com,Female,87.54.245.234
351,Orson,Davidof,,Male,33.92.216.42
352,Roobbie,Carnie,rcarnie9r@cpanel.net,Female,37.253.247.116
353,Hollyanne,Abrahmson,habrahmson9s@sakura.ne.jp,Female,198.203.159.168
354,Antonietta,Pagin,apagin9t@loc.gov,Female,171.151.4.190
355,Nevins,MacKaig,nmackaig9u@gizmodo.com,Male,153.183.53.49
356,Hewie,Plaid,,Male,
357,Rossie,Gregor,rgregor9w@ebay.com,Male,71.130.245.60
358,Hetty,Eccleshall,heccleshall9x@whitehouse.gov,Female,171.178.194.97
359,Benoit,Staning,bstaning9y@slate.com,Male,249.190.71.6
360,Ninetta,Dank,ndank9z@nymag.com,Female,91.8.236.193
361,Christina,Climo,cclimoa0@washingtonpost.com,Female,184.45.98.214
362,Leigh,Itzkovici,,Female,79.165.205.25
,,,jtippella2@icio.us,Female,23.133.108.179
364,Sibilla,Bragg,sbragga3@addtoany.com,Female,146.201.60.225
365,Robin,Gilby,rgilbya4@1688.com,Non-binary,66.75.245.67
366,Guy,Salzberg,gsalzberga5@merriam-webster.com,Male,139.200.36.244
367,Krishnah,Whittle,kwhittlea6@quantcast.com,Male,64.42.196.86
368,Ronda,Tonry,rtonrya7@nba.com,Female,87.232.91.220
369,Gualterio,Drewery,gdrewerya8@purevolume.com,Male,127.237.203.220
370,Cordie,Longhorn,clonghorna9@gov.uk,Male,4.85.71.203
371,Rasia,Casale,,Female,
372,Barbabra,Dovington,bdovingtonab@washingtonpost.com,Female,80.125.164.230
373,Stacee,Helling,shellingac@github.io,Female,13.175.135.44
374,Brittney,Castiblanco,bcastiblancoad@google.it,Female,166.138.169.121
375,Steffie,Beeble,sbeebleae@elegantthemes.com,Female,255.227.62.248
376,Rickey,Ferreo,rferreoaf@timesonline.co.uk,Male,
377,Teddie,Adderson,taddersonag@liveinternet.ru,Female,135.173.188.1
378,Alleyn,Goudman,agoudmanah@bandcamp.com,Male,52.185.2.46
379,Sibeal,Finden,sfindenai@wsj.com,Female,218.31.197.83
380,Nickie,Mioni,nmioniaj@list-manage.com,Female,177.25.30.180
381,Skye,Emney,semneyak@jigsy.com,Male,64.73.164.88
382,Doralyn,Anning,danningal@cam.ac.uk,Female,252.173.154.171
383,Ardisj,Redmille,aredmilleam@cnet.com,Female,119.140.121.160
384,Jannelle,Cummungs,jcummungsan@mashable.com,Female,
385,Brantley,Kleiner,bkleinerao@opera.com,Male,100.228.119.238
386,Deanne,Sneddon,dsneddonap@webs.com,Female,21.6.57.174
387,Allyce,Halwill,ahalwillaq@seesaa.net,Female,100.93.252.232
388,Debi,Carloni,dcarloniar@wikia.com,,15.26.203.78
389,Ario,Meah,,Male,4.129.128.231
390,Erma,Paull,epaullat@umich.edu,Female,176.93.3.201
391,Gilburt,Madill,gmadillau@w3.org,Male,29.230.179.213
392,Lenka,Bulward,lbulwardav@angelfire.com,Female,78.250.29.71
393,Grady,Springate,gspringateaw@redcross.org,,
394,Sloan,Derill,sderillax@stanford.edu,Male,122.155.14.200
,,,kcorwinay@51.la,Male,129.42.202.13
396,Quintina,Starsmeare,qstarsmeareaz@elegantthemes.com,Female,173.98.97.165
397,Marji,Trett,mtrettb0@gravatar.com,Genderqueer,133.15.122.85
398,Arlina,Pointin,apointinb1@ifeng.com,Female,189.234.35.6
399,Aleksandr,Pleasants,apleasantsb2@geocities.jp,Male,82.232.172.91
400,Deidre,Broadey,dbroadeyb3@zdnet.com,Female,81.247.246.87
401,Roderich,Lorant,rlorantb4@furl.net,Male,197.69.163.213
402,Rutledge,Faivre,rfaivreb5@who.int,Male,41.106.138.76
403,Charleen,Dormon,cdormonb6@barnesandnoble.com,Female,173.181.203.159
404,Antonia,Eggleston,aegglestonb7@php.net,Female,
405,Cindie,Vany,cvanyb8@tuttocitta.it,Female,33.75.3.206
406,Dode,Telling,dtellingb9@posterous.com,Female,255.87.171.29
407,Leila,Patrone,lpatroneba@icq.com,Female,102.123.215.181
408,Flora,Trewartha,,Female,47.155.28.25
409,Rori,Sherrard,,Female,223.26.253.196
410,Alanah,Beel,abeelbd@phoca.cz,Female,39.228.242.206
411,Hilary,Leagas,hleagasbe@msu.edu,Male,122.35.22.230
412,Dell,Lagneaux,dlagneauxbf@technorati.com,Female,189.60.172.149
413,Paten,Malinson,pmalinsonbg@msu.edu,Male,107.107.241.225
414,Ronny,Connaughton,rconnaughtonbh@cafepress.com,Female,199.21.112.135
,,,mdillawaybi@foxnews.com,Male,233.227.131.45
,,,chasemanbj@psu.edu,Male,212.222.243.2
,,,btillerbk@gizmodo.com,Female,89.218.179.11
418,Cybil,Barbour,cbarbourbl@clickbank.net,Female,
419,Grange,Hutsby,ghutsbybm@omniture.com,Male,79.239.152.164
420,Tabina,Gommes,,Female,236.182.247.41
421,Rice,Pudan,rpudanbo@360.cn,Male,5.98.204.254
422,Calli,Sego,csegobp@weebly.com,Female,70.156.159.28
423,Danyette,Sangra,,Female,31.108.12.110
424,Glennis,Beckinsall,gbeckinsallbr@toplist.cz,Female,203.33.191.139
425,Donnajean,Biagioni,dbiagionibs@over-blog.com,Female,146.167.182.39
426,Paton,Lux,pluxbt@i2i.jp,Male,97.181.164.93
427,Drew,Surphliss,dsurphlissbu@ebay.co.uk,Male,139.114.52.84
428,Ange,Basset,abassetbv@bbc.co.uk,Male,83.183.59.21
429,Gayla,Larwood,glarwoodbw@ask.com,Female,223.172.166.59
430,Thalia,Hardiker,thardikerbx@goo.gl,Female,13.103.45.87
431,Arabele,Stevani,astevaniby@state.gov,Female,123.119.28.231
432,Emmalyn,Brazear,ebrazearbz@wunderground.com,Female,165.46.156.39
433,Abigale,Wegener,awegenerc0@howstuffworks.com,Female,253.7.16.200
434,Laura,Browncey,,Female,210.35.46.239
435,Clary,Pepperrall,cpepperrallc2@china.com.cn,Female,45.23.62.150
436,Chantalle,Di Maggio,cdimaggioc3@multiply.com,Female,148.8.46.117
437,Elga,Ferfulle,eferfullec4@google.com.br,Female,129.78.243.253
438,Duffy,Bremond,dbremondc5@vistaprint.com,Male,150.147.199.137
439,Devlin,Kachel,dkachelc6@home.pl,Male,191.86.22.113
440,Cass,Apark,caparkc7@constantcontact.com,Male,16.93.210.5
441,Deane,Mougel,dmougelc8@huffingtonpost.com,Female,12.194.48.20
442,Sylas,Kinloch,skinlochc9@webs.com,Male,141.135.66.235
443,Ermin,Gershom,egershomca@sohu.com,Male,18.197.23.119
444,Nicol,MacDermid,nmacdermidcb@a8.net,Male,145.235.245.51
445,Gawain,Tissell,gtissellcc@sohu.com,Male,148.217.206.104
446,Ludovika,Griffitts,lgriffittscd@4shared.com,Female,48.232.200.232
447,Perla,MacCague,pmaccaguece@hp.com,Female,248.246.79.221
448,Bronnie,Sirrell,bsirrellcf@123-reg.co.uk,Male,179.240.67.17
449,Oriana,Gorgen,ogorgencg@stanford.edu,Female,235.43.220.35
450,Vance,Kite,vkitech@diigo.com,Male,196.152.129.104
451,Alley,Newgrosh,anewgroshci@oaic.gov.au,Male,38.170.248.136
452,Daryl,Gomersall,dgomersallcj@unc.edu,Female,3.200.191.185
453,Beryle,Brenstuhl,,,131.245.64.148
454,Estel,Reder,eredercl@umich.edu,,248.178.2.55
455,Vitia,Gatty,,Female,201.89.245.224
456,Mollie,Chiene,mchienecn@cbslocal.com,Female,195.68.44.221
457,Bill,Roydon,broydonco@skype.com,Male,14.5.74.230
458,Terrell,Leeder,tleedercp@cpanel.net,Male,10.119.217.191
459,Cam,Roskam,croskamcq@sbwire.com,Female,205.31.173.142
460,Jany,Ubsdale,jubsdalecr@cdbaby.com,Female,104.231.247.254
461,Cassy,Speak,cspeakcs@nba.com,Female,18.140.23.199
462,Kristien,Halse,khalsect@issuu.com,Female,
463,Lazaro,Ginman,lginmancu@msu.edu,Male,91.108.183.56
464,Gerard,Marlow,gmarlowcv@myspace.com,Male,60.198.162.55
465,Lebbie,Evennett,levennettcw@livejournal.com,Female,193.253.31.162
466,Cleopatra,Durrand,cdurrandcx@yelp.com,Female,150.133.58.146
467,Rochette,Mardall,rmardallcy@addthis.com,,183.82.228.173
468,Nevile,Sacks,nsackscz@ca.gov,Male,189.216.51.198
469,Corbett,Isaaksohn,,Male,17.246.145.179
470,Shayne,Matthiesen,smatthiesend1@dion.ne.jp,Male,8.15.118.121
471,Edy,Lynagh,elynaghd2@plala.or.jp,,73.34.95.7
472,Benyamin,Elvish,belvishd3@unblog.fr,Male,65.254.28.57
473,Kinnie,Worster,kworsterd4@com.com,Male,200.144.204.19
474,Dominica,Gyer,dgyerd5@photobucket.com,Female,
475,Winslow,Herche,wherched6@1und1.de,Male,34.208.45.103
476,Currie,Tracey,ctraceyd7@dailymotion.com,Male,44.139.51.222
477,Marsha,Rosenstiel,,Female,11.254.75.16
478,Sephira,Van der Beek,svanderbeekd9@bigcartel.com,Female,72.239.40.235
479,Seth,Danne,sdanneda@disqus.com,Male,
480,Alexandros,Dumbarton,adumbartondb@blogs.com,Male,166.5.69.119
481,Mignonne,Wiltshaw,mwiltshawdc@zimbio.com,Female,
482,Salomo,Ickovits,,Male,122.219.75.218
483,Artemis,Corter,acorterde@mediafire.com,,87.184.237.75
484,Harlen,Fritzer,hfritzerdf@ucoz.com,Male,224.233.129.231
485,Saundra,Schechter,sschechterdg@blinklist.com,Male,192.209.93.35
486,Kelci,Hussy,khussydh@un.org,Female,218.29.119.133
487,Horton,Ruthven,,Male,
488,Franklyn,Debling,,Male,249.72.100.255
489,Ignacius,Huitt,ihuittdk@hostgator.com,Male,110.101.58.161
490,Melina,Mephan,mmephandl@infoseek.co.jp,Female,203.51.106.35
,,,cleggendm@gov.uk,Male,240.224.26.242
492,Gabrila,Jacks,gjacksdn@indiatimes.com,Female,33.9.150.214
493,Shannan,Wasteney,,Male,222.120.30.36
494,Suzanne,Firpo,,Female,117.66.241.46
495,Debee,Tonbye,dtonbyedq@blinklist.com,Female,230.97.231.232
496,Gallagher,Brahams,gbrahamsdr@marketwatch.com,Male,68.106.140.70
497,Gena,Symcoxe,gsymcoxeds@wunderground.com,Female,107.31.219.214
498,Gloriana,Schleicher,gschleicherdt@opensource.org,Female,131.75.150.254
499,Jamill,Seabright,jseabrightdu@yahoo.com,Male,
500,Perla,Blaney,pblaneydv@opera.com,Female,214.76.32.243
501,Kingsly,Noli,knolidw@noaa.gov,Male,93.161.6.132
502,Fredericka,Rogerson,frogersondx@soup.io,Female,88.80.83.19
503,Cullan,Beeson,cbeesondy@walmart.com,Male,52.92.166.50
504,Jeromy,Gyurkovics,,Male,228.251.181.210
505,Vilhelmina,Barley,vbarleye0@yolasite.com,Female,185.117.33.199
506,Carmita,Samsin,,,253.205.82.110
507,Les,Aronstein,,Male,164.229.135.31
508,Nickie,McCreath,nmccreathe3@independent.co.uk,Female,110.83.52.151
509,Mala,Jumel,mjumele4@hao123.com,Female,109.217.218.85
510,Kelvin,Hischke,khischkee5@artisteer.com,Male,13.99.168.199
511,Rozalin,Issett,,Female,182.174.32.67
512,Byron,Bails,bbailse7@deliciousdays.com,Male,52.0.51.196
513,Haven,Philippault,hphilippaulte8@pcworld.com,Male,99.181.44.130
514,Julio,MacRanald,jmacranalde9@technorati.com,Male,181.190.224.222
515,Velvet,Adamoli,vadamoliea@myspace.com,Female,32.42.66.156
516,Pace,Madle,pmadleeb@prlog.org,Male,131.211.236.251
517,Gabie,Kleinplatz,gkleinplatzec@ovh.net,Male,
518,Geneva,Chudleigh,gchudleighed@yolasite.com,Female,216.160.67.194
519,Hakeem,Sunman,hsunmanee@fotki.com,Male,14.177.141.135
520,Calida,Sainsbury,csainsburyef@nhs.uk,Female,66.18.111.79
521,Georgianna,Huglin,ghuglineg@google.co.jp,Female,83.190.201.140
522,Bevon,Collister,bcollistereh@zimbio.com,Male,147.182.241.129
523,Woodrow,Walshaw,wwalshawei@squidoo.com,Male,195.186.146.77
524,Cary,Robjents,crobjentsej@hc360.com,Female,201.100.120.147
525,Ines,Cossom,icossomek@4shared.com,Female,166.204.162.175
526,Alexis,Wortman,awortmanel@nbcnews.com,Female,101.37.185.171
527,Tirrell,Pelcheur,tpelcheurem@netvibes.com,Male,236.169.243.75
528,Deane,Dellenbrook,ddellenbrooken@bloglovin.com,Male,132.233.103.23
529,Storm,Kopelman,skopelmaneo@goo.gl,Bigender,74.193.8.164
530,Eadmund,Debnam,edebnamep@jigsy.com,Male,102.190.24.93
531,Jamison,Aulsford,jaulsfordeq@dropbox.com,Male,94.242.47.174
532,Billie,Lorimer,blorimerer@networksolutions.com,Male,153.220.164.197
533,Frasier,Farncombe,ffarncombees@slate.com,Male,159.163.126.89
534,Paddy,Cerro,pcerroet@google.com.hk,Male,12.15.144.141
535,Gene,Coping,gcopingeu@umn.edu,Female,35.185.201.18
536,Giulietta,Camplen,gcamplenev@census.gov,Female,141.188.164.15
537,Judy,Burnyate,jburnyateew@addthis.com,Bigender,214.153.103.37
,,,,Male,136.224.198.234
539,Wiatt,Shakelade,wshakeladeey@diigo.com,Male,245.6.180.228
540,Robby,Pettyfar,rpettyfarez@guardian.co.uk,Bigender,163.239.34.90
541,Cassondra,Cobley,ccobleyf0@rambler.ru,Female,190.118.200.177
542,Lanni,McClosh,lmccloshf1@freewebs.com,Female,75.204.26.245
543,Isidoro,Fairholme,ifairholmef2@storify.com,Male,205.175.124.77
544,Pebrook,Holme,pholmef3@google.co.uk,Male,
545,Warden,Arsmith,,Male,155.52.183.183
546,Dorolice,Bolitho,dbolithof5@cam.ac.uk,Female,230.72.205.30
547,Briant,Treagus,btreagusf6@wikispaces.com,Male,39.130.139.69
548,Jozef,Boobier,jboobierf7@webmd.com,Male,239.108.202.190
549,Arney,Johnsey,ajohnseyf8@hostgator.com,Male,121.244.39.237
550,Rex,Ingarfill,ringarfillf9@utexas.edu,Male,169.194.43.6
551,Claudette,Belli,,Female,73.214.190.93
552,Kristan,Petrik,,Genderqueer,248.174.137.27
,,,djusterfc@blinklist.com,Female,27.71.80.39
554,Lauree,Scroggins,lscrogginsfd@earthlink.net,Genderfluid,63.57.144.216
555,Erinn,Arstall,,Female,178.153.214.236
556,Deedee,Joskovitch,djoskovitchff@walmart.com,Female,129.10.3.251
557,Dorolice,Pillman,dpillmanfg@miibeian.gov.cn,Female,39.35.191.75
558,Desiri,Presdee,,Bigender,104.23.112.98
559,Isidro,Korejs,ikorejsfi@fastcompany.com,Male,
560,Bren,Erratt,berrattfj@e-recht24.de,Male,38.187.104.115
561,Pammy,Minogue,pminoguefk@shop-pro.jp,Female,69.7.118.118
562,Bernadine,Neville,bnevillefl@wikipedia.org,Female,16.223.169.70
563,Pooh,Arnault,parnaultfm@printfriendly.com,Male,22.190.176.17
564,Constantino,Aizikovich,caizikovichfn@yahoo.co.jp,Male,120.243.30.165
565,Mahalia,Dominka,mdominkafo@wordpress.com,Female,9.35.191.107
566,Addie,Eves,,Male,92.226.122.16
567,Husain,Croxall,hcroxallfq@shinystat.com,Male,196.206.7.162
568,Wash,Simoneton,,Male,81.188.167.33
569,Abbott,Trumble,atrumblefs@bbc.co.uk,Male,30.85.246.216
570,Sheppard,Cheltnam,scheltnamft@google.es,Male,171.86.229.94
571,Dietrich,Drake,ddrakefu@columbia.edu,Male,155.127.127.64
572,Tommie,Mourton,tmourtonfv@jimdo.com,Male,247.78.21.118
573,Stearn,Cornelisse,scornelissefw@uiuc.edu,Male,210.242.49.138
574,Anitra,Browning,abrowningfx@vimeo.com,Female,174.121.177.253
,,,cbolamfy@phoca.cz,Male,50.254.194.181
576,Emmie,Morriss,emorrissfz@ucoz.com,Female,229.16.59.146
577,Welsh,Dietzler,wdietzlerg0@clickbank.net,Male,4.69.184.155
578,Reuben,Repper,rrepperg1@163.com,Male,240.217.218.166
579,Dexter,McNellis,dmcnellisg2@xinhuanet.com,Male,161.20.246.247
580,Marlee,Connew,mconnewg3@cyberchimps.com,Agender,94.224.19.31
,,,,Polygender,232.139.223.92
,,,krentzg5@github.com,Female,26.170.19.43
583,Anetta,Mansel,,Female,
584,Sollie,Gossage,sgossageg7@chron.com,Male,244.219.226.69
585,Louisette,Golda,lgoldag8@imageshack.us,Female,121.240.61.248
586,Karlyn,Kahler,kkahlerg9@hugedomains.com,Female,170.29.135.0
587,Constance,Twiddell,ctwiddellga@meetup.com,Female,
588,Paulina,Bricknell,pbricknellgb@timesonline.co.uk,Female,69.111.246.118
589,Eada,Bennit,ebennitgc@e-recht24.de,Female,248.16.246.74
590,Nathan,Coke,ncokegd@github.com,Male,56.120.139.198
591,Irina,Westmacott,iwestmacottge@imageshack.us,Female,44.106.60.61
592,Tanhya,Pawle,,Female,103.114.112.72
,,,aamangergg@amazon.co.uk,Male,197.175.56.100
594,Sande,Naptine,snaptinegh@github.com,Female,146.212.227.128
595,Melva,Van De Cappelle,mvandecappellegi@marketwatch.com,Female,205.252.15.76
596,Beryl,Andriesse,bandriessegj@independent.co.uk,Female,78.241.21.60
597,Jennica,Kyndred,jkyndredgk@dion.ne.jp,Female,0.167.40.46
598,Jareb,Milner,jmilnergl@digg.com,Male,220.15.174.144
599,Diane-marie,Lurcock,dlurcockgm@oakley.com,Female,202.166.238.109
600,Alan,Instrell,,Male,29.112.45.134
601,Annmarie,Itzakson,,Female,247.200.82.134
,,,,,86.202.199.145
603,Gunner,Langcaster,glangcastergq@blog.com,Male,163.21.208.108
604,Gustavo,Bleiman,gbleimangr@discuz.net,Male,
605,Tiffany,Solleme,tsollemegs@ted.com,Genderqueer,40.238.172.170
606,Javier,Riep,jriepgt@lulu.com,Male,82.254.212.218
607,Aubrie,Cheatle,acheatlegu@constantcontact.com,Female,204.40.70.57
608,Joey,Dorsey,jdorseygv@moonfruit.com,Female,209.211.24.241
609,Mendel,Juggings,,Male,23.193.205.73
610,Cornelle,Mahody,cmahodygx@time.com,Female,156.0.44.63
611,Christophorus,Clamp,,Male,30.77.190.144
612,Deanne,Chasle,dchaslegz@tmall.com,Female,127.1.122.175
613,Marietta,Parkey,mparkeyh0@ask.com,Female,114.0.111.59
614,Irena,Rowlatt,,Female,239.53.114.82
615,Gilbertina,McCahey,gmccaheyh2@illinois.edu,Female,90.210.215.185
616,Bruce,Shacklady,bshackladyh3@eepurl.com,Male,40.181.38.125
617,Larina,Eakly,leaklyh4@nhs.uk,Genderqueer,188.153.12.78
618,Yancy,Flaonier,yflaonierh5@redcross.org,Male,17.1.26.255
619,Willetta,Ashling,washlingh6@ibm.com,,227.23.234.210
620,Eduardo,Kolinsky,ekolinskyh7@chron.com,Male,140.117.189.107
621,Sherwin,Garry,sgarryh8@google.pl,Male,43.255.244.247
622,Ignacio,Kembery,ikemberyh9@skype.com,Male,73.105.141.172
623,Casey,Cade,ccadeha@typepad.com,,139.159.106.25
624,Annabel,Bilsland,,Female,90.62.26.38
625,Philipa,Lempke,plempkehc@scribd.com,Female,164.53.124.253
626,Millie,Furmston,mfurmstonhd@tumblr.com,Female,209.183.250.33
627,Tiffi,Willgress,twillgresshe@dmoz.org,Polygender,145.173.51.243
628,Caye,Eborn,cebornhf@i2i.jp,Female,45.175.248.169
629,Carr,Jorgesen,cjorgesenhg@homestead.com,Male,37.240.147.94
630,Olenolin,Malafe,omalafehh@parallels.com,Male,174.23.177.251
631,Bryon,Woolager,bwoolagerhi@etsy.com,Male,95.127.119.164
632,Marie-jeanne,Faveryear,,Female,41.230.238.23
633,Erhart,Poser,,Male,247.15.179.183
634,Joshuah,Bernath,jbernathhl@boston.com,Male,129.206.228.143
635,Oliviero,Benoey,obenoeyhm@mapquest.com,Male,121.15.219.90
636,Tito,Lutwidge,tlutwidgehn@csmonitor.com,Non-binary,224.149.240.234
637,Margarette,Oldall,moldallho@sphinn.com,Female,232.83.51.185
638,Lila,Millsap,lmillsaphp@drupal.org,Female,93.164.78.176
639,Tucky,Luxen,tluxenhq@simplemachines.org,Male,189.74.11.219
640,Rustin,McGlaughn,rmcglaughnhr@state.gov,Male,29.185.26.21
641,Tab,Hamlin,thamlinhs@infoseek.co.jp,Male,67.95.32.182
642,Chancey,Stringman,cstringmanht@hhs.gov,Male,107.126.146.189
643,Christiano,Ashton,cashtonhu@godaddy.com,Male,79.6.141.142
644,Doy,Ridett,dridetthv@plala.or.jp,Male,75.59.52.173
645,Rosanne,Cutting,rcuttinghw@techcrunch.com,,204.83.5.94
646,Cari,Milhench,cmilhenchhx@163.com,Female,195.116.254.206
647,Arman,Zimmermeister,azimmermeisterhy@seesaa.net,Polygender,158.54.186.114
648,Ker,Maith,kmaithhz@chronoengine.com,Male,199.221.78.78
,,,,Non-binary,66.207.245.5
650,Suellen,Winchcombe,swinchcombei1@purevolume.com,Female,
651,Moishe,Edgeller,medgelleri2@blinklist.com,Male,100.186.222.26
652,Franny,Arents,farentsi3@yolasite.com,Male,86.127.113.13
653,Honor,Christin,,Female,160.163.241.156
654,Lucius,Morales,lmoralesi5@soundcloud.com,Male,242.55.60.83
655,Stuart,Gawthrop,,Male,133.229.253.49
656,Ignaz,Lanigan,ilanigani7@ning.com,Male,158.5.160.97
657,Stevie,Akeherst,sakehersti8@shop-pro.jp,Male,
658,Nicole,Dickson,ndicksoni9@amazon.de,Female,57.223.183.85
659,Mariya,Studeart,mstudeartia@boston.com,Female,113.254.183.85
660,Salomo,McGairl,smcgairlib@epa.gov,Male,246.160.64.252
661,Edlin,Ivanyukov,eivanyukovic@dyndns.org,Male,55.70.189.105
662,Belicia,Doog,bdoogid@google.it,Female,59.254.103.231
663,Gregg,Baitman,gbaitmanie@statcounter.com,Polygender,39.158.48.23
664,Bordy,Tomczykiewicz,btomczykiewiczif@wikimedia.org,Male,53.169.30.108
665,Betteanne,Oldford,boldfordig@yandex.ru,Female,83.29.199.244
666,Stirling,Norsister,snorsisterih@stumbleupon.com,Male,162.166.190.154
667,Christie,Kingsnode,ckingsnodeii@china.com.cn,Male,146.7.114.41
668,Dev,Taplin,,Male,242.157.224.132
669,Bradford,Brumble,bbrumbleik@seesaa.net,Male,36.244.58.35
670,Earvin,Jiruch,,,210.248.209.62
671,Nedda,Tewkesbury.,ntewkesburyim@si.edu,Female,107.180.31.109
672,Gaven,Clemenza,gclemenzain@mac.com,Male,37.163.200.55
673,Trstram,Earney,tearneyio@amazon.co.jp,Male,50.178.209.33
674,Lydia,Curston,,Female,35.186.177.194
675,Egbert,Tolliday,etollidayiq@sphinn.com,Male,154.142.81.18
676,Valentino,Roe,vroeir@ask.com,,92.90.3.71
677,Bail,Coates,bcoatesis@google.com.au,Male,16.64.210.52
678,Janene,Elsdon,jelsdonit@godaddy.com,Female,178.91.213.82
679,Timoteo,Gladdor,tgladdoriu@tripod.com,Male,
680,Giusto,Petcher,gpetcheriv@uiuc.edu,Agender,5.135.63.59
681,Earl,Nevin,eneviniw@hostgator.com,Male,104.86.19.233
682,Jamil,Seywood,jseywoodix@apache.org,Male,
683,Gates,Sowrey,gsowreyiy@people.com.cn,Female,74.236.154.33
684,Ceciley,Hammerson,,Female,238.22.240.191
685,Zachary,Housegoe,zhousegoej0@wp.com,Male,145.1.123.1
686,Cesaro,Strathearn,cstrathearnj1@nifty.com,Non-binary,226.17.34.125
687,Karlens,Beavors,,Male,57.243.152.167
688,Kelwin,Drakes,kdrakesj3@google.com.au,Male,243.100.189.9
689,Talya,Bilby,tbilbyj4@tinypic.com,Female,163.251.100.25
690,Bernadene,Kopisch,bkopischj5@huffingtonpost.com,Female,83.242.134.147
691,Vladamir,McSwan,vmcswanj6@qq.com,Male,213.177.189.241
,,,,Female,148.48.10.252
693,Rennie,Duffet,rduffetj8@soup.io,Female,227.97.63.173
694,Iain,Gamet,igametj9@dailymail.co.uk,Male,60.1.43.15
695,Mylo,McDonald,mmcdonaldja@odnoklassniki.ru,,65.252.104.118
696,Faina,Overill,foverilljb@ox.ac.uk,Female,88.44.233.58
697,Fanni,Murrigans,fmurrigansjc@ezinearticles.com,Female,34.169.161.123
698,Nessi,Salvatore,,Female,
699,Bengt,Dunderdale,bdunderdaleje@nationalgeographic.com,,3.241.243.49
700,Christabella,Dobinson,cdobinsonjf@devhub.com,Female,183.216.189.227
701,Barbie,Eastway,beastwayjg@addtoany.com,Female,125.59.119.88
702,Linda,Headford,lheadfordjh@mayoclinic.com,Non-binary,227.223.122.107
703,Vidovic,Bawle,vbawleji@livejournal.com,Male,176.166.21.3
704,Ediva,Hitter,ehitterjj@amazon.com,Female,2.234.55.183
705,Findley,Tewnion,ftewnionjk@sciencedirect.com,Male,165.9.209.55
706,Perry,Culham,pculhamjl@sourceforge.net,Male,129.36.32.44
707,Giulio,Aldcorn,galdcornjm@networksolutions.com,Male,16.128.73.184
708,Karlie,Althrop,kalthropjn@apple.com,Female,95.94.79.69
709,Klaus,O'Hannigan,kohanniganjo@alibaba.com,Male,17.60.147.119
710,Modesta,Gadie,,Female,100.14.158.36
711,Phyllys,Swedeland,pswedelandjq@symantec.com,,156.103.191.229
712,Burton,Lukacs,blukacsjr@domainmarket.com,Male,185.18.70.103
713,Gleda,Selwyne,gselwynejs@archive.org,Female,75.89.115.141
714,Toby,Dominelli,tdominellijt@un.org,Female,20.22.45.196
715,Myrwyn,Patten,mpattenju@multiply.com,Non-binary,219.94.79.216
716,Chan,Stoate,cstoatejv@slideshare.net,Male,36.220.179.131
717,Nero,Junkison,,Male,252.161.0.244
718,Yule,McCarry,ymccarryjx@washingtonpost.com,Male,199.218.140.160
719,Ramonda,Soppit,rsoppitjy@princeton.edu,Female,15.121.95.221
720,Randi,Gossop,,Male,35.101.45.101
721,Marijn,Middas,mmiddask0@ameblo.jp,Male,149.72.35.100
722,Lorie,McAulay,lmcaulayk1@godaddy.com,Female,117.157.26.118
723,Chadwick,Mackleden,cmackledenk2@npr.org,,144.128.64.54
724,Tabbie,Walklott,twalklottk3@g.co,Male,181.226.82.148
725,Kristy,Bodker,kbodkerk4@typepad.com,Female,
726,Grazia,Berresford,,Female,178.95.194.97
727,Leticia,Hutson,lhutsonk6@yellowpages.com,Female,84.188.84.185
728,Esmeralda,Drable,edrablek7@va.gov,Female,218.206.193.97
729,Reba,McHale,rmchalek8@cbc.ca,Female,6.52.125.214
730,Windham,Bascomb,,Genderfluid,252.250.116.139
731,Emmi,Kuhnert,ekuhnertka@cmu.edu,Female,138.94.202.39
732,Shoshanna,Cracoe,scracoekb@biglobe.ne.jp,Female,189.86.119.59
733,Felic,Bingley,fbingleykc@wikipedia.org,Male,15.210.154.159
734,Renell,Fabler,rfablerkd@mac.com,Non-binary,198.16.9.188
735,Johnnie,Denisyuk,jdenisyukke@fotki.com,Male,83.135.32.125
736,Karisa,Tunnow,ktunnowkf@discovery.com,Female,109.122.71.192
737,Uriah,Kempton,ukemptonkg@nyu.edu,Male,155.15.136.48
738,Riordan,Altofts,,,107.216.166.51
739,Dayle,MacDirmid,dmacdirmidki@unicef.org,Bigender,197.17.53.140
740,Hulda,Fuster,hfusterkj@bbb.org,Female,194.242.27.110
741,Elissa,Listone,elistonekk@merriam-webster.com,Female,179.87.63.204
742,Mildred,Castrillo,,,64.229.12.122
743,Kendell,Vivians,kvivianskm@blog.com,Male,43.179.60.24
744,Wit,Coysh,wcoyshkn@cpanel.net,Male,46.244.21.180
745,Darrell,Chesterfield,dchesterfieldko@freewebs.com,Male,227.140.112.238
746,Annabal,Jeaves,ajeaveskp@paginegialle.it,Female,132.48.8.251
747,Lil,Woolfitt,lwoolfittkq@twitter.com,Female,167.165.71.149
748,Erl,Kochlin,ekochlinkr@123-reg.co.uk,Male,15.183.120.190
749,Kerri,McAlarney,kmcalarneyks@patch.com,Female,241.201.191.85
750,Homere,Corkish,hcorkishkt@e-recht24.de,Genderqueer,92.211.232.28
751,Libbi,Daubeny,ldaubenyku@youtube.com,Genderqueer,229.164.104.111
752,Malissa,Grellis,mgrelliskv@ezinearticles.com,Female,172.103.176.121
,,,,Female,75.101.166.177
754,Vivienne,Frankel,,Female,33.38.167.125
755,Talbot,Slaght,tslaghtky@sciencedirect.com,Male,229.66.220.2
756,Margaret,Ianne,miannekz@soup.io,Female,159.30.254.119
757,Rozanne,Pesticcio,rpesticciol0@who.int,Female,138.194.10.64
758,Dorine,Sainer,dsainerl1@wikimedia.org,Female,47.178.39.158
759,Inglebert,Hazael,ihazaell2@yellowpages.com,,9.203.209.145
760,Josee,Kull,jkulll3@tiny.cc,Female,10.197.54.144
761,Perry,Bisco,,Female,201.140.232.133
762,Bud,Bilfoot,bbilfootl5@virginia.edu,Male,137.41.128.48
763,Christophe,Pitkeathly,cpitkeathlyl6@phpbb.com,Male,167.193.1.67
764,Martguerita,Le Fleming,mleflemingl7@nasa.gov,Female,176.52.142.245
765,Bethany,Ritch,britchl8@google.com.au,,250.227.216.11
766,Hedy,Reneke,hrenekel9@yellowbook.com,Female,0.223.114.204
767,Curt,Blanking,cblankingla@disqus.com,Male,189.177.100.20
768,Darelle,Swedeland,,Female,103.186.16.210
769,Bell,Hercock,bhercocklc@cdc.gov,Female,114.128.165.33
770,Sigfrid,Kinneir,skinneirld@freewebs.com,Male,234.102.174.128
771,Adella,FitzGibbon,,Female,
772,Zechariah,Gerding,zgerdinglf@typepad.com,Male,18.205.163.161
773,Emogene,Baish,ebaishlg@spotify.com,Female,48.137.62.225
774,Tait,Argont,,Non-binary,243.218.226.3
775,Jess,Blockley,jblockleyli@youtu.be,Male,87.215.230.49
776,Nissa,Lytlle,nlytllelj@smugmug.com,Genderqueer,241.177.141.165
777,Lela,Stranaghan,lstranaghanlk@globo.com,Polygender,222.227.83.117
778,Isac,MacKonochie,imackonochiell@redcross.org,Male,215.126.82.243
779,Bentley,Yorath,,Genderqueer,25.174.28.176
,,,cakamln@a8.net,Female,107.167.253.73
781,Ricca,Carslaw,rcarslawlo@wired.com,Female,
782,Renado,Polin,rpolinlp@friendfeed.com,Male,195.245.245.151
783,Samaria,Von Der Empten,svonderemptenlq@tamu.edu,Female,96.205.188.237
784,Coraline,Kenward,ckenwardlr@marriott.com,Female,170.213.202.67
785,Christan,Whittet,cwhittetls@cbc.ca,Female,156.218.37.228
786,Vidovic,Doble,vdoblelt@discuz.net,,203.206.63.16
787,Juliann,Sharpous,jsharpouslu@addthis.com,Female,209.88.22.193
788,Dun,Greatbach,,Male,77.209.70.73
789,Travis,MacKnockiter,tmacknockiterlw@over-blog.com,,150.236.230.147
,,,jwilsdonlx@dot.gov,Female,13.118.191.81
791,Peadar,Cuttin,pcuttinly@google.com.hk,Male,214.66.42.232
792,Madelle,Oldrey,,Female,142.109.50.189
793,Celia,Garraway,cgarrawaym0@privacy.gov.au,,99.173.2.253
794,Flinn,Vanyashin,fvanyashinm1@scientificamerican.com,Male,249.165.141.176
795,Helyn,Oldcroft,holdcroftm2@google.ca,Female,17.199.142.92
796,Nehemiah,Bradbury,nbradburym3@scientificamerican.com,Male,252.72.7.89
797,Cullan,Brunn,cbrunnm4@dagondesign.com,,205.201.60.19
798,Lanny,Naris,,Female,185.220.148.233
799,Duffy,Craig,,Male,20.1.178.185
800,Nils,Sherreard,nsherreardm7@simplemachines.org,Male,78.156.165.163
801,Brandie,Danilin,bdanilinm8@slate.com,Genderfluid,109.189.253.95
802,Nichol,Ferre,nferrem9@booking.com,Female,
803,Joyce,Woollin,jwoollinma@illinois.edu,Female,74.168.157.107
804,Marlie,Pantry,mpantrymb@hibu.com,Female,244.13.118.75
805,Theadora,Sermin,,Female,169.198.92.116
806,Miner,Burless,mburlessmd@fotki.com,,
807,Conny,Thomson,cthomsonme@google.de,Female,76.183.77.127
808,Lorilyn,Daniely,ldanielymf@gnu.org,Female,4.189.125.226
809,Conny,Bleything,cbleythingmg@thetimes.co.uk,Male,94.58.17.43
810,Martyn,Crumbie,,Male,
811,Reilly,Simonard,rsimonardmi@bloglovin.com,Male,87.234.142.148
812,Carmelia,Pickerin,cpickerinmj@cisco.com,Female,32.217.228.177
813,Ford,Tharme,ftharmemk@ihg.com,Male,1.26.223.207
814,Dick,Mourton,dmourtonml@nhs.uk,Male,179.101.39.238
815,Arlana,Solly,asollymm@ted.com,Female,41.74.189.161
816,Shanan,Powley,spowleymn@edublogs.org,Male,13.218.38.2
817,Valli,Carbonell,vcarbonellmo@zimbio.com,Female,160.129.125.219
818,Bartlett,Mulberry,bmulberrymp@latimes.com,Male,19.99.118.221
819,Rebecca,Robertelli,,Female,127.119.150.119
,,,chenkemr@va.gov,Female,6.139.218.211
821,Ralph,Alderwick,,Male,123.183.239.214
822,Corrine,Moorhead,cmoorheadmt@youtube.com,,165.105.143.35
823,Francis,Grimestone,fgrimestonemu@loc.gov,Male,38.176.219.249
824,Brok,Bille,bbillemv@theguardian.com,Male,152.99.249.39
825,Pall,Braund,pbraundmw@cbslocal.com,Male,172.120.129.75
826,Benedikt,Plester,bplestermx@nyu.edu,Male,126.158.13.10
,,,edavydzenkomy@ox.ac.uk,Female,122.65.12.78
828,Hew,Gavigan,hgaviganmz@reference.com,Male,197.78.232.98
829,Zed,Melloy,zmelloyn0@tiny.cc,Male,145.249.113.217
830,Ruggiero,Jell,rjelln1@usda.gov,Male,24.85.143.205
831,Ware,Stapleton,wstapletonn2@washingtonpost.com,Male,25.18.206.155
832,Chaddy,Mayers,cmayersn3@harvard.edu,Male,209.27.148.1
833,Giacobo,Neising,gneisingn4@typepad.com,Male,100.160.126.253
834,Correna,McKniely,cmcknielyn5@ibm.com,Female,118.181.196.29
835,Wini,Kupis,wkupisn6@networkadvertising.org,Female,223.76.1.190
836,Roobbie,Grassett,rgrassettn7@sakura.ne.jp,Female,202.188.114.138
837,Sorcha,Bernardet,sbernardetn8@comcast.net,Female,7.169.93.76
838,Brennen,Bend,bbendn9@earthlink.net,Male,106.57.5.111
839,Aldwin,Sebring,asebringna@springer.com,Male,178.194.17.222
840,Durward,Tarplee,,Male,209.96.135.86
841,Flory,Klimkiewich,fklimkiewichnc@addtoany.com,Female,100.248.191.51
842,Barth,Romagosa,,Male,189.76.155.148
843,Bart,Barbour,bbarbourne@scientificamerican.com,Male,73.221.50.9
844,Bobbi,Burnsell,bburnsellnf@skype.com,Female,107.239.219.67
845,Shaylah,O'Breen,sobreenng@example.com,Female,
846,Moll,Kimberly,mkimberlynh@cbslocal.com,Female,
847,Kellie,Longland,klonglandni@nba.com,Female,239.89.77.30
848,Hammad,Haberfield,hhaberfieldnj@msn.com,Male,99.185.76.201
849,Sheila-kathryn,Hunnawill,shunnawillnk@spiegel.de,Female,146.252.34.246
850,Granger,Romushkin,,Male,102.31.86.141
851,Shelly,Eynaud,seynaudnm@bbc.co.uk,Female,22.14.181.139
852,Helenka,O'Cannavan,hocannavannn@google.com.au,Female,
853,Boony,Smallbone,bsmallboneno@state.tx.us,Male,100.245.32.254
854,Bo,Lakey,blakeynp@simplemachines.org,Male,194.206.219.203
855,Marcelline,Zannotelli,mzannotellinq@ifeng.com,Female,214.189.2.82
856,Zeb,Aldrick,zaldricknr@altervista.org,Male,73.89.183.41
857,Maynard,Nolton,,Agender,149.171.193.203
858,Gaby,Cranfield,gcranfieldnt@people.com.cn,Female,100.70.229.196
859,Bentley,Skylett,bskylettnu@freewebs.com,Male,63.36.94.156
860,Adan,Hinkley,ahinkleynv@reverbnation.com,Male,119.55.185.170
861,Raddy,Fernehough,rfernehoughnw@miibeian.gov.cn,Male,174.190.218.61
862,Brewster,Danbury,bdanburynx@japanpost.jp,Male,255.86.181.67
863,Carolina,Paniman,cpanimanny@ow.ly,Genderfluid,48.49.22.7
864,Dunstan,Carlucci,dcarluccinz@oaic.gov.au,Male,163.60.186.198
865,Ole,Anstee,oansteeo0@t-online.de,Male,218.59.255.151
866,Christean,Broske,,Female,103.179.100.9
867,Durward,Bendtsen,dbendtseno2@php.net,Polygender,171.173.223.89
868,Claybourne,Christofor,cchristoforo3@amazon.co.uk,Male,197.84.35.206
869,Briano,Garlicke,bgarlickeo4@sitemeter.com,,130.85.12.250
870,Roxanna,Antoni,rantonio5@dell.com,Female,107.108.235.10
871,Analise,Wallbutton,awallbuttono6@wired.com,Female,123.144.119.151
872,Moira,Glanders,mglanderso7@cargocollective.com,Female,170.195.127.198
873,Ryley,Fawlo,rfawloo8@skyrock.com,Male,74.13.47.166
874,Brynne,Midford,bmidfordo9@github.com,Female,
875,Jere,Scraney,jscraneyoa@list-manage.com,Genderqueer,156.218.77.248
876,Del,Eagers,deagersob@pbs.org,Female,225.61.77.234
877,Lynett,Tanswill,ltanswilloc@sakura.ne.jp,Female,32.110.228.6
878,Cello,Jentet,cjentetod@netlog.com,Male,95.204.192.49
879,Loria,Jury,ljuryoe@umn.edu,Female,36.99.240.101
880,Odelle,Leah,oleahof@multiply.com,Female,190.183.129.24
881,Claresta,Tollmache,ctollmacheog@icq.com,,
882,Sheffie,Frankis,sfrankisoh@php.net,Male,36.255.232.49
883,Ekaterina,Kerswill,ekerswilloi@pcworld.com,Female,239.83.232.21
884,Bamby,Bontoft,bbontoftoj@oaic.gov.au,Female,94.243.130.142
885,Nikolaos,Pepperell,npepperellok@t.co,Male,43.78.240.211
886,Monica,Founds,mfoundsol@prnewswire.com,Female,21.127.144.114
887,Thedric,Crosi,tcrosiom@clickbank.net,Male,104.92.241.107
888,Lianne,Wicken,lwickenon@chicagotribune.com,Female,177.110.212.31
889,Kat,Oakly,koaklyoo@google.com,Female,9.52.88.163
890,Danielle,Shaddick,dshaddickop@tripadvisor.com,Female,115.96.136.17
891,Dun,Gambrell,dgambrelloq@apache.org,Male,21.158.53.53
892,Hadlee,Stringfellow,hstringfellowor@eepurl.com,Male,125.198.148.154
893,Waneta,Vader,wvaderos@dion.ne.jp,Female,254.197.186.222
894,Tailor,Mucklow,tmucklowot@noaa.gov,Male,
895,Normand,Gleadhell,ngleadhellou@yahoo.co.jp,Male,92.157.224.104
896,Luciana,Anfusso,lanfussoov@delicious.com,Female,3.163.85.148
897,Marty,Oakshott,moakshottow@ow.ly,Polygender,194.159.6.38
898,Saidee,Chasmor,schasmorox@163.com,Female,27.78.186.124
899,Vale,McGeffen,vmcgeffenoy@feedburner.com,Male,
900,Bethanne,Benkhe,bbenkheoz@ed.gov,Female,146.17.39.94
901,Rowan,Dono,rdonop0@ucsd.edu,Male,63.57.112.201
902,Ammamaria,Jindracek,ajindracekp1@businessinsider.com,,35.103.247.119
903,Chandra,Aish,caishp2@engadget.com,Female,204.28.135.36
,,,bprestneyp3@woothemes.com,Male,210.4.10.234
905,Jackqueline,Pridden,jpriddenp4@webmd.com,Female,56.25.25.236
906,Berton,Sheran,bsheranp5@tamu.edu,Male,70.155.33.140
907,Wolfie,Rigate,,Male,58.131.111.234
908,Paxton,Leonida,pleonidap7@ocn.ne.jp,Male,38.141.42.105
909,Ardath,Van Der Weedenburg,avanderweedenburgp8@discuz.net,Female,
910,Christoph,Bottomley,cbottomleyp9@trellian.com,Male,219.120.22.242
,,,,Male,255.203.179.29
912,Buddy,Mathy,bmathypb@amazon.com,Male,5.254.196.37
913,Ofilia,Roxby,oroxbypc@newyorker.com,,216.109.39.175
914,Erick,Tooker,etookerpd@themeforest.net,Male,157.116.31.89
915,Bartel,Lisett,blisettpe@youtube.com,Male,220.90.133.129
916,Jacob,Miskin,jmiskinpf@constantcontact.com,Male,226.134.41.10
917,Uta,Chiddy,uchiddypg@miibeian.gov.cn,Female,88.175.202.6
918,Leila,Truder,,Female,13.94.50.195
919,Consuelo,Ouldcott,couldcottpi@mozilla.com,Female,92.246.156.183
920,Shelba,Newbegin,snewbeginpj@cdbaby.com,Female,210.39.26.181
921,Ari,Girodon,,Male,
922,Fletcher,Pirot,,Male,51.179.136.31
923,Gerhard,Broadbent,gbroadbentpm@eventbrite.com,Male,230.87.179.190
924,Welbie,Daintier,wdaintierpn@hatena.ne.jp,Male,50.111.200.212
925,Turner,Riddler,,Male,104.11.13.222
926,Dew,Dumbrell,ddumbrellpp@dot.gov,Male,110.72.106.243
927,Henrik,Klimt,hklimtpq@bizjournals.com,Male,164.125.133.11
928,Cyrillus,Cheng,cchengpr@walmart.com,Male,55.122.218.10
929,Cchaddie,Fardon,cfardonps@google.de,Male,96.252.92.166
930,Holly,Gergus,hgerguspt@goodreads.com,Female,192.190.100.20
931,Mason,Gavrieli,mgavrielipu@fastcompany.com,Male,189.146.107.83
932,Lind,Runchman,,Genderfluid,52.36.52.167
933,Benny,Traill,btraillpw@utexas.edu,Polygender,17.244.32.102
934,Desi,Basson,dbassonpx@ed.gov,Polygender,182.75.238.15
935,Wit,Gun,,Male,112.46.204.209
936,Lev,Ilett,lilettpz@bravesites.com,Male,228.201.61.82
937,Adriano,L'Hommeau,alhommeauq0@diigo.com,Male,55.122.135.48
938,Jaclin,Flag,,Female,162.143.8.154
939,Baryram,Proppers,,Male,238.138.49.64
940,Gusti,Franzettoini,gfranzettoiniq3@walmart.com,Female,3.12.74.66
941,Stefanie,Stovine,sstovineq4@dion.ne.jp,Female,96.108.185.72
942,Jareb,Mees,jmeesq5@dot.gov,Male,
943,Lorain,Hearnden,lhearndenq6@newsvine.com,Female,243.179.13.143
944,Brent,Kleinhaut,,Male,243.227.125.44
945,Staffard,Kinney,skinneyq8@ca.gov,Male,89.181.39.110
946,Kale,Atte-Stone,kattestoneq9@nsw.gov.au,Genderqueer,182.46.22.31
947,Alfredo,Pierucci,apierucciqa@purevolume.com,Bigender,104.130.43.130
948,Minne,Ottawell,mottawellqb@w3.org,Female,26.25.172.242
949,Norine,Dummer,ndummerqc@engadget.com,Female,182.122.173.188
950,Rafferty,Orrice,rorriceqd@nih.gov,Male,183.129.230.149
951,Zaccaria,Goodhall,zgoodhallqe@earthlink.net,Male,86.131.156.35
952,Gideon,Bazylets,gbazyletsqf@whitehouse.gov,,208.247.52.44
953,Gustavo,Bourthouloume,gbourthouloumeqg@discovery.com,Male,160.55.126.206
954,Catarina,Lorraine,clorraineqh@theguardian.com,Female,243.129.221.164
955,Kaleb,Leatham,kleathamqi@cargocollective.com,Male,220.69.116.53
956,Ermentrude,Rushworth,erushworthqj@weather.com,Female,210.34.190.65
957,Tome,Labeuil,tlabeuilqk@discovery.com,Male,186.229.9.56
958,Joelle,Rossoni,jrossoniql@webeden.co.uk,Female,123.17.4.173
959,Valentijn,Hastie,vhastieqm@mlb.com,Genderqueer,120.160.52.90
960,Sayre,Sainte Paul,ssaintepaulqn@sun.com,Male,42.148.247.1
961,Chiquita,Libbie,,Female,
962,Rollie,Drillot,rdrillotqp@bigcartel.com,Male,228.231.115.71
963,Rose,Maleham,rmalehamqq@fema.gov,Non-binary,32.111.58.139
964,Ash,Exeter,aexeterqr@google.es,Male,61.99.35.8
,,,tmonkleighqs@tripod.com,Male,61.225.1.176
966,Cecilius,Harce,charceqt@ibm.com,Male,36.112.86.1
967,Bobby,Silby,,Male,111.37.2.217
968,Candi,McGeagh,cmcgeaghqv@sogou.com,Non-binary,227.41.25.179
969,Ransom,Leyrroyd,rleyrroydqw@jimdo.com,Genderfluid,167.148.189.120
970,Maryl,Doggerell,mdoggerellqx@techcrunch.com,Female,114.171.95.69
971,Gavrielle,Steele,gsteeleqy@ft.com,Female,112.176.155.213
972,Natalya,Milam,nmilamqz@plala.or.jp,Female,
973,Madison,Porson,mporsonr0@ehow.com,Male,75.107.194.185
974,Gwennie,Helsdon,ghelsdonr1@drupal.org,Female,44.66.153.249
975,Leda,Bootton,lboottonr2@discuz.net,Female,74.182.209.174
976,Roger,Pursglove,rpursglover3@wunderground.com,Male,150.214.6.240
977,Goldy,Abbott,gabbottr4@shutterfly.com,Female,30.146.161.129
978,Glen,Trunkfield,gtrunkfieldr5@123-reg.co.uk,Female,82.141.152.36
979,Andrej,Cheke,acheker6@hud.gov,Male,89.152.53.32
980,Orel,Bessell,obessellr7@huffingtonpost.com,Female,95.97.38.80
981,Shelbi,Wasielewski,,Female,174.141.223.232
982,Violette,Stokes,vstokesr9@feedburner.com,Genderfluid,117.163.242.95
983,Shane,MacDermot,smacdermotra@skyrock.com,Male,181.74.223.99
984,Orson,McMurraya,,Male,9.6.60.46
985,Hurlee,Pashen,,Male,34.218.241.6
,,,vfranciskiewiczrd@disqus.com,Female,235.147.6.181
987,Bryn,Welbeck,bwelbeckre@baidu.com,,240.222.74.223
988,Hatti,Spinello,hspinellorf@loc.gov,Female,202.63.43.220
989,Willdon,MacGraith,wmacgraithrg@businesswire.com,Male,84.186.191.191
990,Leesa,Brookesbie,lbrookesbierh@dailymotion.com,Female,178.77.148.77
991,Eustace,Dudmesh,edudmeshri@dion.ne.jp,Male,136.56.99.114
992,Ferdie,Waliszek,fwaliszekrj@sina.com.cn,Male,140.183.142.243
993,Alecia,Eskrigge,aeskriggerk@usnews.com,Female,92.233.241.60
994,Town,Wellan,twellanrl@opera.com,Agender,222.176.99.254
995,Fowler,Pogson,fpogsonrm@fastcompany.com,Male,131.236.55.110
996,Danyette,Tubritt,dtubrittrn@cargocollective.com,Female,
997,Hilde,Hembery,,Female,194.95.213.104
,,,,Female,172.128.119.135
999,Stefan,Dauby,sdaubyrq@xrea.com,Male,201.152.96.199
1000,Lilly,Blesdill,lblesdillrr@uol.com.br,Female,127.177.161.12
